_article_id,citation_contexts/citation_context/0/raw_citance,citation_contexts/citation_context/0/ctx_ref/0/_cit_str_original,citation_contexts/citation_context/0/ctx_ref/0/_end,citation_contexts/citation_context/0/ctx_ref/0/_function,citation_contexts/citation_context/0/ctx_ref/0/_function_originally_annotated,citation_contexts/citation_context/0/ctx_ref/0/_polarity,citation_contexts/citation_context/0/ctx_ref/0/_ref_id,citation_contexts/citation_context/0/ctx_ref/0/_reliable,citation_contexts/citation_context/0/ctx_ref/0/_start,citation_contexts/citation_context/0/ctx_ref/0/_target,citation_contexts/citation_context/0/ctx_ref/0/_type,citation_contexts/citation_context/0/ctx_ref/0/__text,citation_contexts_id,citation_contexts/citation_context/0/ctx_s/0/_ctx_s_id,citation_contexts/citation_context/0/ctx_s/0/_s_id,citation_contexts/citation_context/0/ctx_s/0/_useful,citation_contexts/citation_context/0/ctx_s/0/__text,citation_contexts/citation_context/0/ctx_s/1/_ctx_id,citation_contexts/citation_context/0/ctx_s/1/_ctx_s_id,citation_contexts/citation_context/0/ctx_s/1/_s_id,citation_contexts/citation_context/0/ctx_s/1/_useful,citation_contexts/citation_context/0/ctx_s/1/__text,citation_contexts/citation_context/0/ctx_s/2/_ctx_id,citation_contexts/citation_context/0/ctx_s/2/_ctx_s_id,citation_contexts/citation_context/0/ctx_s/2/_s_id,citation_contexts/citation_context/0/ctx_s/2/_useful,citation_contexts/citation_context/0/ctx_s/2/__text,,,,,,citation_contexts/citation_context/0/ctx_s/4/_ctx_id,citation_contexts/citation_context/0/ctx_s/4/_ctx_s_id,citation_contexts/citation_context/0/ctx_s/4/_s_id,citation_contexts/citation_context/0/ctx_s/4/_useful,citation_contexts/citation_context/0/ctx_s/4/__text,citation_contexts/citation_context/0/ctx_s/5/_ctx_id,citation_contexts/citation_context/0/ctx_s/5/_ctx_s_id,citation_contexts/citation_context/0/ctx_s/5/_s_id,citation_contexts/citation_context/0/ctx_s/5/_useful,citation_contexts/citation_context/0/ctx_s/5/__text,citation_contexts/citation_context/0/_mapped,citation_contexts/citation_context/0/_ref_ids,citation_contexts/citation_context/0/_reliable,citation_contexts/citation_context/0/_s_id,citation_contexts/citation_context/0/_section_header,citation_contexts/citation_context/0/_section_number,citation_contexts/citation_context/0/ctx_ref/1/_cit_str_original,citation_contexts/citation_context/0/ctx_ref/1/_end,citation_contexts/citation_context/0/ctx_ref/1/_function,citation_contexts/citation_context/0/ctx_ref/1/_function_originally_annotated,citation_contexts/citation_context/0/ctx_ref/1/_polarity,citation_contexts/citation_context/0/ctx_ref/1/_ref_id,citation_contexts/citation_context/0/ctx_ref/1/_reliable,citation_contexts/citation_context/0/ctx_ref/1/_start,citation_contexts/citation_context/0/ctx_ref/1/_target,citation_contexts/citation_context/0/ctx_ref/1/_type,citation_contexts/citation_context/0/ctx_ref/1/__text,citation_contexts/citation_context/0/_missing_refs_added,citation_contexts/citation_context/0/_LS,citation_contexts/citation_context/1/raw_citance,citation_contexts/citation_context/1/ctx_ref/0/_cit_str_original,citation_contexts/citation_context/1/ctx_ref/0/_end,citation_contexts/citation_context/1/ctx_ref/0/_function,citation_contexts/citation_context/1/ctx_ref/0/_function_originally_annotated,citation_contexts/citation_context/1/ctx_ref/0/_polarity,citation_contexts/citation_context/1/ctx_ref/0/_ref_id,citation_contexts/citation_context/1/ctx_ref/0/_reliable,citation_contexts/citation_context/1/ctx_ref/0/_start,citation_contexts/citation_context/1/ctx_ref/0/_target,citation_contexts/citation_context/1/ctx_ref/0/_type,citation_contexts/citation_context/1/ctx_ref/0/__text,citation_contexts/citation_context/1/ctx_s/0/_ctx_id,citation_contexts/citation_context/1/ctx_s/0/_ctx_s_id,citation_contexts/citation_context/1/ctx_s/0/_s_id,citation_contexts/citation_context/1/ctx_s/0/_useful,citation_contexts/citation_context/1/ctx_s/0/__text,citation_contexts/citation_context/1/ctx_s/1/_ctx_id,citation_contexts/citation_context/1/ctx_s/1/_ctx_s_id,citation_contexts/citation_context/1/ctx_s/1/_s_id,citation_contexts/citation_context/1/ctx_s/1/_useful,citation_contexts/citation_context/1/ctx_s/1/__text,citation_contexts/citation_context/1/ctx_s/2/_ctx_id,citation_contexts/citation_context/1/ctx_s/2/_ctx_s_id,citation_contexts/citation_context/1/ctx_s/2/_s_id,citation_contexts/citation_context/1/ctx_s/2/_useful,citation_contexts/citation_context/1/ctx_s/2/__text,citation_contexts/citation_context/1/ctx_s/3/_ctx_id,citation_contexts/citation_context/1/ctx_s/3/_ctx_s_id,citation_contexts/citation_context/1/ctx_s/3/_s_id,citation_contexts/citation_context/1/ctx_s/3/_useful,citation_contexts/citation_context/1/ctx_s/3/__text,citation_contexts/citation_context/1/_mapped,citation_contexts/citation_context/1/_ref_ids,citation_contexts/citation_context/1/_reliable,citation_contexts/citation_context/1/_s_id,citation_contexts/citation_context/1/_section_header,citation_contexts/citation_context/1/_section_number,citation_contexts/citation_context/1/ctx_ref/1/_cit_str_original,citation_contexts/citation_context/1/ctx_ref/1/_end,citation_contexts/citation_context/1/ctx_ref/1/_function,citation_contexts/citation_context/1/ctx_ref/1/_function_originally_annotated,citation_contexts/citation_context/1/ctx_ref/1/_polarity,citation_contexts/citation_context/1/ctx_ref/1/_ref_id,citation_contexts/citation_context/1/ctx_ref/1/_reliable,citation_contexts/citation_context/1/ctx_ref/1/_start,citation_contexts/citation_context/1/ctx_ref/1/_target,citation_contexts/citation_context/1/ctx_ref/1/_type,citation_contexts/citation_context/1/ctx_ref/1/__text,citation_contexts/citation_context/1/ctx_s/4/_ctx_id,citation_contexts/citation_context/1/ctx_s/4/_ctx_s_id,citation_contexts/citation_context/1/ctx_s/4/_s_id,citation_contexts/citation_context/1/ctx_s/4/_useful,citation_contexts/citation_context/1/ctx_s/4/__text,citation_contexts/citation_context/2/raw_citance,citation_contexts/citation_context/2/ctx_ref/0/_cit_str_original,citation_contexts/citation_context/2/ctx_ref/0/_end,citation_contexts/citation_context/2/ctx_ref/0/_function,citation_contexts/citation_context/2/ctx_ref/0/_function_originally_annotated,citation_contexts/citation_context/2/ctx_ref/0/_polarity,citation_contexts/citation_context/2/ctx_ref/0/_ref_id,citation_contexts/citation_context/2/ctx_ref/0/_reliable,citation_contexts/citation_context/2/ctx_ref/0/_start,citation_contexts/citation_context/2/ctx_ref/0/_target,citation_contexts/citation_context/2/ctx_ref/0/_type,citation_contexts/citation_context/2/ctx_ref/0/__text,citation_contexts/citation_context/2/ctx_s/0/_ctx_id,citation_contexts/citation_context/2/ctx_s/0/_ctx_s_id,citation_contexts/citation_context/2/ctx_s/0/_s_id,citation_contexts/citation_context/2/ctx_s/0/_useful,citation_contexts/citation_context/2/ctx_s/0/__text,citation_contexts/citation_context/2/ctx_s/1/_ctx_id,citation_contexts/citation_context/2/ctx_s/1/_ctx_s_id,citation_contexts/citation_context/2/ctx_s/1/_s_id,citation_contexts/citation_context/2/ctx_s/1/_useful,citation_contexts/citation_context/2/ctx_s/1/__text,citation_contexts/citation_context/2/ctx_s/2/_ctx_id,citation_contexts/citation_context/2/ctx_s/2/_ctx_s_id,citation_contexts/citation_context/2/ctx_s/2/_s_id,citation_contexts/citation_context/2/ctx_s/2/_useful,citation_contexts/citation_context/2/ctx_s/2/__text,citation_contexts/citation_context/2/ctx_s/3/_ctx_id,citation_contexts/citation_context/2/ctx_s/3/_ctx_s_id,citation_contexts/citation_context/2/ctx_s/3/_s_id,citation_contexts/citation_context/2/ctx_s/3/_useful,citation_contexts/citation_context/2/ctx_s/3/__text,citation_contexts/citation_context/2/_mapped,citation_contexts/citation_context/2/_ref_ids,citation_contexts/citation_context/2/_reliable,citation_contexts/citation_context/2/_s_id,citation_contexts/citation_context/2/_section_header,citation_contexts/citation_context/2/_section_number,citation_contexts/citation_context/1/ctx_s/5/_ctx_id,citation_contexts/citation_context/1/ctx_s/5/_ctx_s_id,citation_contexts/citation_context/1/ctx_s/5/_s_id,citation_contexts/citation_context/1/ctx_s/5/_useful,citation_contexts/citation_context/1/ctx_s/5/__text
A00-1031,The processing time of the Viterbi algorithm Rabiner 1989 can be reduced by introducing a beam search .,Rabiner 1989,32,PModi,PModi,UNK,8,TRUE,17,#b6,bibr,"(Rabiner, 1989)",1,-2,19,N,"The result of the tagger comparison seems to support the maxime ""the simplest is the best"".",2,-1,20,N,"However, in this paper we clarify a number of details that are omitted in major previous publications concerning tagging with Markov models.",2,0,21,N,"As two examples, (Rabiner, 1989) and (Charniak et al., 1993) give good overviews of the techniques and equations used for Markov models and part-ofspeech tagging, but they are not very explicit in the details that",are needed,for their applicatio,n.,,,2,2,23,N,The aim of this paper is to give a detailed account of the techniques used in TnT.,2,3,24,N,"Additionally, we present results of the tagger on the NEGRA corpus (Brants et al., 1999) and the Penn Treebank (Marcus et al., 1993).",TRUE,"8,9",TRUE,21,Introduction,1,,,,,,,,,,,,,,,,,,,,,,,,,,,,,,,,,,,,,,,,,,,,,,,,,,,,,,,,,,,,,,,,,,,,,,,,,,,,,,,,,,,,,,,,,,,,,,,,,,,,,,,,,,,,,,
A00-2009,"An early use of this representation is described in Gale et al. 1992 , where word sense disambiguation is performed with a Naive Bayesian classifier .",Gale et al. 1992,71,PModi,PModi,UNK,10,TRUE,52,#b5,bibr,"(Gale et al., 1992)",2,-2,33,N,All other lexical items are included in their original form; no stemming is performed and non-content words remain.,6,-1,34,N,"This representation of context is a variation on the bag-of-words feature set, where a single window of context includes words that occur to both the left and right of the ambiguous word.",6,0,35,N,"An early use of this representation is described in (Gale et al., 1992), where word sense disambiguation is performed with a Naive Bayesian classifier.",,,,,,,,,,,,,,,,TRUE,10,TRUE,35,Representation of Context,2.1,,,,,,,,,,,,,,,,,,,,,,,,,,,,,,,,,,,,,,,,,,,,,,,,,,,,,,,,,,,,,,,,,,,,,,,,,,,,,,,,,,,,,,,,,,,,,,,,,,,,,,,,,,,,,,
C00-2097,"The new grammar is basically a scaled-down and adapted version of the Core Language Engine grammar for English Pulman 1992 , Rayner 1993 ; concrete development work and testing were organized around a speech interface to a set of functionalities offered by a simple simulation of the Space Shuttle Rayner et al. 2000 .",Pulman 1992,121,PModi,PModi,UNK,1,TRUE,110,???,bibr,Pulman 1992,2,-1,66,N,"In our second series of experiments, we incrementally developed a new grammar from scratch.",1,0,67,Y,"The new grammar is basically a scaleddown and adapted version of the Core Language Engine grammar for English Pulman 1992;Rayner 1993; concrete development w ork and testing were organized around a speech interface to a set of functionalities o ered by a simple simulation of the Space Shuttle Rayner, Hockey and James 2000.",1,1,68,N,"Rules and lexical entries were added in small groups, typically 2 3 rules or 5 10 lexical entries in one increment.",,,,,,1,3,70,N,The rest of this section describes the new grammar in more detail.,,,,,,TRUE,"1,2",TRUE,67,Incremental Grammar Development,4,Rayner 1993,133,PModi,PModi,UNK,2,TRUE,122,#b8,bibr,Rayner 1993,TRUE,scaleddown and adapted,,,,,,,,,,,,,,,,,,,,,,,,,,,,,,,,,,,,,,,,,,,,,,,,,,,,,,,,,,,,,,,,,,,,,,,,,,,,,,,,,,,,,,,,,,,,,,,,,
C00-2169,The tag lattice construction is adapted from Samuelsson 1997 .,Samuelsson 1997,61,PModi,PModi,UNK,5,TRUE,45,#b11,bibr,"Samuelsson, 1997",3,-2,109,N,But how can we construct such a sequence from a word lattice?,5,-1,110,N,Integrating the model in a lattice algorithm requires three steps: mapping the word lattice to a tag lattice triggering IPs and extracting the possible reparandum reparans pairs introducing new paths to represent the plausible reparans,5,0,111,Y,"The tag lattice construction is adapted from Samuelsson, 1997.",,,,,,5,2,113,N,"If a tag edge already exists, the probabilities of both edges are merged.",5,3,114,N,The original words are stored together with their unique semantic class in a associated list.,TRUE,5,TRUE,111,Integration with Lattice Processing,4,,,,,,,,,,,,,,,,,,,,,,,,,,,,,,,,,,,,,,,,,,,,,,,,,,,,,,,,,,,,,,,,,,,,,,,,,,,,,,,,,,,,,,,,,,,,,,,,,,,,,,,,,,,,,,
C94-2199,The left-recursion elimination algorithm is adapted from a transformation proposed in Dymetman et al. 1990 in the context of a certain formalism (``Lexical Grammars'') which we presented as a possible basis for building reversible grammars .,Dymetman et al. 1990,90,PModi,PModi,UNK,4,TRUE,87,#b4,bibr,[4],3,-2,29,N,production elimination a(gorithm is guaranteed to terminate only in the OP ease.,3,-1,30,N,'t It produces a I)C(] declaratively equivalent to the. original grammar.,3,0,31,Y,"The left-recursion elimination ~dgorithnt is adapted from a transR)rmation proposed in [4] in the context of a certain formalism (""l,exical Grammars"") which we presented as a possible basis for bui(ding reversible","grammars,",a The key observation,(,in,"slightly different terms) was that, in a I)CG, ifa nontermiual g is defined (itcrMly by the two rules (the first of which is leftreeursive):",3,2,33,N,"l)reserves the declarative semantics o1' tim grammar, s",3,3,34,N,"We remarked in [4] that this transformation :'is closely re(ated to le('t<.orner pa.rsing"", but did not give details.",TRUE,4,TRUE,31,Motivation,1,,,,,,,,,,,,,,,,,,,,,,,,,,,,,,,,,,,,,,,,,,,,,,,,,,,,,,,,,,,,,,,,,,,,,,,,,,,,,,,,,,,,,,,,,,,,,,,,,,,,,,,,,,,,,,
C96-1026,"This article will exploit one of these theories , The Generative Lexicon ( GL : Pustejovsky 1995 , and extend it for the treatment of French mental adjectives .",Pustejovsky 1995,95,PModi,PModi,UNK,3,TRUE,72,,bibr,"(GL: Pustejovsky, 1995)",3,-2,2,N,"Recently, work in computational semantics and lexical semantics has made an interesting shift.",1,-1,3,N,"Motivated by a concern for lexical organization and global coherence in the structure of lexicon, some researchers have moved towards nlore expressive semantic descriptions, as well as more powerful methods of combining them (see for example Pustejovsky, 1991Pustejovsky, , 1995Briscoe, 1993).",1,0,4,Y,"This article will exploit one of these theories, The Generative Lezicon (GL: Pustejovsky, 1995), and extend it for the treatment of French mental adjectives.",,,,,,1,2,6,N,"The GL approach is then described, and a GL analysis of the data.",,,,,,TRUE,3,TRUE,4,Introduction,UNKNOW SECTION NUMBER,,,,,,,,,,,,,,,,,,,,,,,,,,,,,,,,,,,,,,,,,,,,,,,,,,,,,,,,,,,,,,,,,,,,,,,,,,,,,,,,,,,,,,,,,,,,,,,,,,,,,,,,,,,,,,
E95-1011,"In this section we outline the main ideas underlying a polynomial time recognition algorithm for PLPATR that generalizes the CKY algorithm Kasami 1965, Younger 1967 .",Kasami 1965,153,PModi,PModi,UNK,18,TRUE,139,#b7,bibr,"(Kasami, 1965;",5,0,95,Y,"In this section we outline the main ideas underlying a polynomial time recognition algorithm for PlPATR that generalizes the CKY algorithm (Kasami, 1965;Younger, 1967).",9,1,96,N,"The key to this algorithm is the use of structure sharing techniques similar to those used to process I_lG efficiently (Vijay-Shanker and Weir, 1993).",9,2,97,N,"To understand how these techniques are applied in the case of PLPATR, it is therefore helpful to consider first the somewhat simpler case of I_lG.",,,,,,,,,,,,,,,,TRUE,"18,19",TRUE,95,Tractable Recognition,5,Younger 1967,167,PModi,PModi,UNK,19,TRUE,153,#b17,bibr,"Younger, 1967)",,generalize,,,,,,,,,,,,,,,,,,,,,,,,,,,,,,,,,,,,,,,,,,,,,,,,,,,,,,,,,,,,,,,,,,,,,,,,,,,,,,,,,,,,,,,,,,,,,,,,,
E95-1024,"We developed a compiler for off-line optimization of phrase structure rule-based typed feature structure grammars which generalizes the techniques developed in the context of the DIA , and we advanced a typed extension of the Earley-style generator of Gerdemann 1991 .",Gerdemann 1991,267,PModi,PModi,UNK,12,TRUE,251,#b2,bibr,Gerdemann (1991),5,-2,24,N,"However, both approaches can just as well take a declarative grammar specification as input to produce generator and/or parser-oriented grammars as in Dymetman et al. (1990).",9,-1,25,N,In this paper we adopt the latter theoretically more interesting perspective.,9,0,26,Y,"We developed a compiler for off-line optimization of phrase structure rule-based typed feature structure grammars which generalizes the techniques developed in the context of the DIA, and we advanced a typed exten",sion of the,Earley-style generat,or,of,Gerdemann (1991).,9,2,28,N,We show that our use of offline grammar optimization overcomes problems with empty or displaced heads.,9,3,29,N,"The developed techniques are extensively tested with a large HPSG grammar for partial vP topicallzation in German (iiinrichs et al., 1994).",TRUE,12,TRUE,26,Introduction,1,,,,,,,,,,,,,,,,,,,,,,,,,,,,,,,,,,,,,,,,,,,,,,,,,,,,,,,,,,,,,,,,,,,,,,,,,,,,,,,,,,,,,,,,,,,,,,,,,,,,,,,,,,,,,,
E95-1028,The formalism for spelling rules ( dimension  ) is a syntactic variant of that of Ruessink 1989 and Pulman 1991 .,Ruessink 1989,98,PModi,PModi,UNK,12,TRUE,83,#b15,bibr,Ruessink (1989),5,0,30,Y,The formalism for spelling rules (dimension (a)) is a syntactic variant of that of Ruessink (1989) and Pulman (1991).,8,1,31,N,"A rule is of the form spell (Name, Surface Op Lexical, Classes, Features).",8,2,32,N,"Rules may be optional (Op is ""~"") or obligatory (Op is ""¢~"").",,,,,,,,,,,,,,,,TRUE,"12,13",TRUE,30,Morphophonology,2.1,Pulman 1991,116,PModi,PModi,UNK,13,TRUE,103,#b2,bibr,Pulman (1991),,,,,,,,,,,,,,,,,,,,,,,,,,,,,,,,,,,,,,,,,,,,,,,,,,,,,,,,,,,,,,,,,,,,,,,,,,,,,,,,,,,,,,,,,,,,,,,,,,,
E95-1036,"In this paper , we propose such a solution , based on a careful distinction between different roles of Reichenbach 1947 's reference time , adapted from Kamp and Reyle 1993 .",Kamp and Reyle 1993,186,PModi,PModi,UNK,7,TRUE,164,#b8,bibr,"(Kamp and Reyle, 1993)",5,-2,21,N,"This problem is analyzed in (de Swart, 1991) as an instance of the proportion problem and given a solution from a Generalized Quantifier approach.",5,-1,22,N,"We were led to seek a solution for this problem within DRT, because of DRT's advantages as a general theory of discourse, and its choice as the underlying formalism in another research project of ours, which deals with sentences such as 1-4, in the context of natural language specifications of computerized systems.",5,0,23,Y,"In this paper, we propose such a solution, based on a careful distinction between different roles of Reichenbach's reference time (Reichenbach, 1947), adapted from (Kamp and Reyle, 1993).",,,,,,,,,,,,,,,,TRUE,"6,7",TRUE,23,Introduction,1,,,,,,,,,,,,,,"By extending the analysis of temporal subordinate clauses in Kamp and Reyle 1993 , to sentences which include quantification over eventualities , we can propose an alternative DRT solution to Partee 's quantification problem .",Kamp and Reyle 1993,83,PModi,PModi,UNK,44,TRUE,61,#b8,bibr,"(Kamp and Reyle, 1993)",25,0,151,Y,"By extending the analysis of temporal subordinate clauses in (Kamp and Reyle, 1993), to sentences which include quantification over eventualities, we can propose an alternative DRT solution to Partee's quantification problem.",25,1,152,N,"As in (Partee, 1984), such sentences trigger box-splitting.",25,2,153,N,"But now, the location time of the eventuality in the subordinate clause serves as the antecedent for the location time of the eventuality in the main clause.",25,3,154,N,"In this approach, each of the relevant temporal markers resides in its appropriate box, yielding the correct quantificational structure.",TRUE,44,TRUE,151,An alternative solution,5,,,,,,,,,,,,,,,,,,,,,,,,,,,,,,,,,,,,,,,,,,,,,,,,,,,,,,,,,,,
E95-1044,"The word in focus is first passed through a two-level morphological analysis stage , based on an adaption of Pulman 1991 .",Pulman 1991,121,PModi,PModi,UNK,0,TRUE,107,,bibr,"(Pulman, 1991)",5,0,22,Y,"The word in focus is first passed through a twolevel morphological analysis stage, based on an adaption of (Pulman, 1991).",0,1,23,N,"Two purposes are served here: checking the word is lexica] (i.e. in the lexicon or a permissible inflection of a word in the lexicon) and collecting the possible categories, which are represented as sets of feature specifications (Grover, 1993).",0,2,24,N,This morphological lookup operates over a character trie which has been compressed into a (directed) graph.,,,,,,,,,,,,,,,,TRUE,0,TRUE,22,Morphological Processing ~ Spelling Checking,UNKNOW SECTION NUMBER,,,,,,,,,,,,,,,,,,,,,,,,,,,,,,,,,,,,,,,,,,,,,,,,,,,,,,,,,,,,,,,,,,,,,,,,,,,,,,,,,,,,,,,,,,,,,,,,,,,,,,,,,,,,,,
E99-1017,An algorithm for compilation into transducers was provided by Kaplan and Kay 1994 .,Kaplan and Kay 1994,83,PModi,PModi,UNK,1,TRUE,62,#b5,bibr,Kaplan and Kay (1994),5,-2,4,N,Context sensitive rewrite rules have been widely used in several areas of natural language processing.,1,-1,5,N,Johnson (1972) has shown that such rewrite rules are equivalent to finite state transducers in the special case that they are not allowed to rewrite their own output.,1,0,6,Y,An algorithm for compilation into transducers was provided by Kaplan and Kay (1994).,,,,,,1,2,8,Y,"In this paper, the algorithm will be extended to provide a limited form of backreferencing.",1,3,9,N,"Backreferencing has been implicit in previous research, such as in the ""batch rules"" of Kaplan and Kay (1994), bracketing transducers for finite-state parsing (Karttunen, 1996), and the ""LocalExtension"" operation of Roche and Schabes (1995).",TRUE,1,TRUE,6,Introduction,1,,,,,,,,,,,,,,"The major components of the algorithm are not new , but straightforward modifications of components presented in Karttunen 1996a and Mohri and Sproat 1996 .",Karttunen 1996a,128,PModi,PModi,UNK,15,TRUE,112,#b8,bibr,Karttunen (1996),10,-2,35,N,Such a left-most longest match concatenation operation is described in §3.,10,-1,36,N,"In the following section, we initially concentrate on the simple Case in (1) and show how (1) may be compiled assuming left-to-right processing along with the overall longest match strategy described by Karttunen (1996).",10,0,37,Y,"The major components of the algorithm are not new, but straightforward modifications of components presented in Karttunen (1996) and Mohri and Sproat (1996).",10,1,38,N,We improve upon existing approaches because we solve a problem concerning the use of special marker symbols ( §2.1.2).,TRUE,"15,16",TRUE,37,Introduction,1,Mohri and Sproat 1996,156,PModi,PModi,UNK,16,TRUE,133,#b12,bibr,Mohri and Sproat (1996),10,2,39,N,"A further contribution is that all steps are implemented in a freely available system, the FSA Utilities of van Noord (1997) ( §2.1.1).","Before describing the algorithm , it will be helpful to have at our disposal a few general tools , most of which were described already in Kaplan and Kay 1994 .",Kaplan and Kay 1994,158,PModi,PModi,UNK,23,TRUE,137,#b5,bibr,Kaplan and Kay (1994),17,0,83,Y,"Before describing the algorithm, it will be helpful to have at our disposal a few general tools, most of which were described already in Kaplan and Kay (1994).",17,1,84,Y,"These tools, however, have been modified so that they work with our approach of distinguishing markers from ordinary symbols.",17,2,85,N,"So to begin with, we provide macros to describe the alphabet and the alphabet extended with marker symbols:",17,3,86,N,The macro xsig is useful for defining a specialized version of complementation and containment:,TRUE,23,TRUE,83,Utilities,2.1.3,,,,,
P94-1008,"Table  sketches definitions for some Common Topic relations , some taken from and others adapted from Hobbs 1990 .",Hobbs 1990,114,PModi,PModi,UNK,20,TRUE,102,#b4,bibr,Hobbs (1990),5,-2,104,N,Inference Understanding segments of utterances standing in a Common Topic relation requires the determination of points of commonality (parallelism) and departure (contrast) between sets of corresponding entities and properties within the utterances.,13,-1,105,N,"This process is reliant on performing comparison and generalization operations on the corresponding representations (Scha and Polanyi, 1988;Hobbs, 1990;Priist, 1992;Asher, 1993).",13,0,106,Y,"Table 2 sketches definitions for some Common Topic relations, some taken from and others adapted from Hobbs (1990).",,,,,,13,2,108,N,9,13,3,109,N,"In order to meet these constraints, the identification of p0 and Pl may require arbitrary levels of generalization from the relations explicitly stated in the utterances.",TRUE,20,TRUE,106,Syntax and Semantics of Ellipsis and,UNKNOW SECTION NUMBER,,,,,,,,,,,,,,"The following pair of examples are adapted from those of Sag 1976 , pg. 291 :",Sag 1976,77,PModi,PModi,UNK,25,TRUE,57,,bibr,"Sag (1976, pg. 291):",18,-2,158,N,"The current account makes the correct predictions; examples (20) and (21), where but has the contrast meaning, appear to be markedly less acceptable than examples (22) and 23 To summarize thus far, the data presented in the earlier account as well as examples that conflict with that analysis are all predicted by the account given here.",18,-1,159,N,"As a final note, we consider the interaction between VP-ellipsis and gapping.",18,0,160,Y,"The following pair of examples are adapted from those of Sag (1976, pg. 291): lZThese examples have been adapted from several in Kehler (1993b).",18,1,161,N,"24:Iohn supports Clinton, and Mary $ Bush, although she doesn't know why she does.",TRUE,25,TRUE,160,VP-Ellipsis,UNKNOW SECTION NUMBER,,,,,,,,,,,,18,2,162,N,(25) ??,,,,,,,,,,,,,,,,,,,,,,,,,,,,,,,,,,,,,,,18,3,163,N,"John supports Clinton, and Mary 0 Bush, and Fred does too."
P94-1040,The grammar is defined in metagrammatical formalism which is compiled into a unification-based ` object grammar ' -- a syntactic variant of the Definite Clause Grammar formalism Pereira and Warren 1980 -- containing 84 features and 782 phrase structure rules .,Pereira and Warren 1980,198,PModi,PModi,UNK,40,TRUE,175,#b21,bibr,"(Pereira & Warren, 1980",4,-1,70,N,"To assess the practical performance of the three unification-based parsers described above, a series of experiments were conducted using the ANLT grammar (Grover, Carroll & Briscoe, 1993), a wide-coverage grammar of English.",26,0,71,Y,"The grammar is defined in metagrammatical formalism which is compiled into a unification-based 'object gran~mar'--a syntactic variant of the Definite Clause Grammar formalism (Pereira & Warren, 1980)--containing 84 features and 782 phrase structure rules.",26,1,72,N,Parsing uses fixed-arity term unification.,,,,,,26,3,74,N,"Although the grammar is linked to a lexicon containing definitions for 40000 base forms of words, the experiments draw on a much smaller lexicon of 600 words (consisting of closed class vocabulary and, for open-class vocabulary, definitions of just a sample of words which taken together exhibit the full range of possible complementation patterns), since issues of lexical coverage are of no concern here.",,,,,,TRUE,40,TRUE,71,PRACTICAL RESULTS,4,,,,,,,,,,,,,,,,,,,,,,,,,,,,,,,,,,,,,,,,,,,,,,,,,,,,,,,,,,,,,,,,,,,,,,,,,,,,,,,,,,,,,,,,,,,,,,,,,,,,,,,,,,,,,,
P95-1019,"In order to capture the agents ' intentions conveyed by their utterances , our model of collaborative negotiation utilizes an enhanced version of the dialogue model described in Lambert and Carberry 1991 to represent the current status of the interaction .",Lambert and Carberry 1991,204,PModi,PModi,UNK,25,TRUE,176,#b15,bibr,"(Lambert and Carberry, 1991)",4,0,43,Y,"In order to capture the agents' intentions conveyed by their utterances, our model of collaborative negotiation utilizes an enhanced version of the dialogue model described in (Lambert and Carberry, 1991) to represent the current status of the interaction.",12,1,44,N,"The enhanced dialogue model has four levels: the domain level which consists of the domain plan being constructed for the user's later execution, the problem-solving level which contains the actions being performed to construct the do-n~n plan, the belief level which consists of the mutual beliefs pursued during the planning process in order to further the problem-solving intentions, and the discourse level which contains the communicative actions initiated to achieve the mutual beliefs (Chu-Carroll and Carberry, 1994).",12,2,45,N,"This paper focuses on the evaluation and modification of proposed beliefs, and details a strategy for engaging in collaborative negotiations.",,,,,,,,,,,,,,,,TRUE,25,TRUE,43,Response Generation in Collaborative Negotiation,4,,,,,,,,,,,,,,,,,,,,,,,,,,,,,,,,,,,,,,,,,,,,,,,,,,,,,,,,,,,,,,,,,,,,,,,,,,,,,,,,,,,,,,,,,,,,,,,,,,,,,,,,,,,,,,
P95-1037,The growing algorithm is an adaptation of the CART algorithm in Breiman et al. 1984 .,Breiman et al. 1984,86,PModi,PModi,UNK,2,TRUE,64,#b6,bibr,"(Breiman et al., 1984)",4,-2,96,N,"Therefore, just as it is necessary to smooth empirical ngram models, it is also necessary to smooth empirical decision-tree models.",2,-1,97,N,"The decision-tree learning algorithms used in this work were developed over the past 15 years by the IBM Speech Recognition group (Bahl et al., 1989).",2,0,98,Y,"The growing algorithm is an adaptation of the CART algorithm in (Breiman et al., 1984).",,,,,,2,2,100,N,An important point which has been omitted from this discussion of decision trees is the fact that only binary questions are used in these decision trees.,2,3,101,N,A question which has k values is decomposed into a sequence of binary questions using a classification tree on those k values.,TRUE,2,TRUE,98,Decision-Tree Algorithms,UNKNOW SECTION NUMBER,,,,,,,,,,,,,,,,,,,,,,,,,,,,,,,,,,,,,,,,,,,,,,,,,,,,,,,,,,,,,,,,,,,,,,,,,,,,,,,,,,,,,,,,,,,,,,,,,,,,,,,,,,,,,,
P96-1033,To accomplish this I propose a technique that can be considered the off-line variant of an indexing technique described in Gerdemann 1991 .,Gerdemann 1991,140,PModi,PModi,UNK,19,TRUE,124,#b3,bibr,Gerdemann (1991),4,-2,105,N,Both rules produce a magic fact with which a subject np can be built.,16,-1,106,N,A possible solution to this problem is to couple magic rules with the modified version of the original grammar rule that instigated it.,16,0,107,Y,To accomplish this I propose a technique that can be considered the off-line variant of an index-ing technique described in Gerdemann (1991).,,,,,,16,2,109,N,The indexing technique is illustrated on the basis of the running example:,16,3,110,N,"Rule 14 in figure 1 is coupled to the modified version of the original s rule that instigated it, i.e., rule",TRUE,19,TRUE,107,Indexing,3.1.2,,,,,,,,,,,,,,,,,,,,,,,,,,,,,,,,,,,,,,,,,,,,,,,,,,,,,,,,,,,,,,,,,,,,,,,,,,,,,,,,,,,,,,,,,,,,,,,,,,,,,,,,,,,,,,
P98-1011,"This paper describes an evaluation of a focus-based approach to pronoun resolution ( not anaphora in general ) , based on an extension of Sidner ' s algorithm Sidner 1981 proposed in Azzam 1996 , with further refinements from development on real-world texts .",Sidner 1981,167,PUse,PModi,UNK,1,TRUE,153,#b9,bibr,"(Sidner, 1981)",4,-2,3,N,"Anaphora resolution is still present as a significant linguistic problem, both theoretically and practically, and interest has recently been renewed with the introduction of a quantitative evaluation regime as part of the Message Understanding Conference (MUC) evaluations of Information Extraction (IE) systems (Grishman and Sundheim, 1996).",1,-1,4,N,"This has made it possible to evaluate different (implementable) theoretical approaches against sizable corpora of real-world texts, rather than the small collections of artificial examples typically discussed in the literature.",1,0,5,Y,"This paper describes an evaluation of a focusbased approach to pronoun resolution (not anaphora in general), based on an extension of Sidner's algorithm (Sidner, 1981) proposed in (Azzam, 1996), with further refin",ements from,development on real-,wo,rld,texts.,,,,,,,,,,,TRUE,"1,2",TRUE,5,Introduction,1,,,,,,,,,,,,,extension is proposed by another ref,,,,,,,,,,,,,,,,,,,,,,,,,,,,,,,,,,,,,,,,,,,,,,,,,,,,,,,,,,,,,,,,,,,,,,,,,,,,,,,,,,,,,,,,,,,,,,,,,
P99-1069,"In our experiments , we have used a conjugate-gradient optimization program adapted from the one presented in Press et al. Press et al. 1992 .",Press et al. 1992,128,PModi,PModi,UNK,4,TRUE,109,#b11,bibr,Press et al. (1992),4,-2,77,N,"Of course (6) is no longer the gradient of the likelihood func-tion, but fortunately it is (exactly) the gradient of (the log of) another criterion:",3,-1,78,N,"Instead of maximizing the likelihood of the syntactic analyses over the training corpus, we maximize the conditional likelihood of these analyses given the observed yields.",3,0,79,Y,"In our experiments, we have used a conjugate-gradient optimization program adapted from the one presented in Press et al. (1992).",,,,,,3,2,81,N,"Berger et al. (1996) and Jelinek (1997) make this same point and arrive at the same estimator, albeit through a maximum entropy argument.",3,3,82,N,The problem of estimating parameters for log-linear models is not new.,TRUE,4,TRUE,79,ojlj(~o),UNKNOW SECTION NUMBER,,,,,,,,,,,,,,We had the most success with a slightly modified version of the simulated annealing optimizer described in Press et al. Press et al. 1992 .,Press et al. 1992,126,PModi,PModi,UNK,10,TRUE,107,#b11,bibr,Press et al. (1992),7,-2,122,N,"This suggests another possible objective function: choose ~ to maximize the number Co (~) of times the maximum likelihood parse (under 0) is in fact the correct parse, in the training corpus.",7,-1,123,N,"Co(~) is a highly discontinuous function of 0, and most conventional optimization algorithms perform poorly on it.",7,0,124,Y,We had the most success with a slightly modified version of the simulated annealing optimizer described in Press et al. (1992).,7,1,125,N,This procedure is much more computationally intensive than the gradient-based pseudo-likelihood procedure.,TRUE,10,TRUE,124,ojlj(~o),UNKNOW SECTION NUMBER,,,,,,,,,,,,7,2,126,N,Its computational difficulty grows (and the quality of solutions degrade) rapidly with the number of features.,,,,,,,,,,,,,,,,,,,,,,,,,,,,,,,,,,,,,,,,,,,
W94-0201,"This is illustrated in  , adapting Hyman 's earlier notation Hyman 1979 .",Hyman 1979,75,PModi,PModi,UNK,8,TRUE,62,#b6,bibr,"(Hyman, 1979)",4,-2,45,N,These two possibilities exist because of different F0 scaling parameters.,6,-1,46,N,These parameters deternfine the way in which the different tones are scaled relative to each other and to the speaker's pitch range.,6,0,47,Y,"This is illustrated in (2), adapting Hyman's earlier notation (Hyman, 1979).",,,,,,6,2,49,N,Immediately below the two rOWS of tOllC'S we see a row of inllnbers corresponding to the tones.,6,3,50,N,"For Hyman, L=3 and H=I, while for Stewart, 1,=2 and H=I.",TRUE,8,TRUE,47,A Tool for Phonologists,UNKNOW SECTION NUMBER,,,,,,,,,,,,,,,,,,,,,,,,,,,,,,,,,,,,,,,,,,,,,,,,,,,,,,,,,,,,,,,,,,,,,,,,,,,,,,,,,,,,,,,,,,,,,,,,,,,,,,,,,,,,,,
"The speech and language processing architecture is based on that of the SRI CommandTalk system Moore et al. 1997 , Stent et al. 1999 .",Moore et al. 1997,115,71,PBas,UNK,12,TRUE,95,#b4,bibr,"(Moore et al., 1997;",Stent et al. 1999,4,PBas,PBas,UNK,13,TRUE,115,#b11,bibr,"Stent et al., 1999)",6,-2,67,N,"State parameters include the PSA's current position, some environmental variables such as local temperature, pressure and carbon dioxide levels, and the status of the Shuttle's doors (open/closed).",,,,,,6,0,69,Y,"The speech and language processing architecture is based on that of the SRI CommandTalk system (Moore et al., 1997;Stent et al., 1999).",6,1,70,N,"The system comprises a suite of about 20 agents, connected together using the SPd Open Agent Architecture (OAA; (Martin et al., 1998)).",6,2,71,N,"Speech recognition is performed using a version of the Nuance recognizer (Nuance, 2000).",6,3,72,N,"Initial language processing is carried out using the SRI Gemini system (Dowding et al., 1993), using a domain~independent unification grammar and a domain-specific lexicon.",TRUE,"12,13",TRUE,69,Levels of Representation,3.1,A00-1016,,,,,,,,,,,,,,,,,,,,,,,,,,,,,,,,,,,,,,,,,,,,,,,,,,,,,,,,,,,,,,,,,,,,,,,,,,,,,,,,,,,,,,,,,,,,,,,,,,,
"We present a new algorithm that builds on previous work by Reynar Reynar 1998 , Reynar 1994 .",Reynar 1998,80,128,PBas,UNK,9,TRUE,66,#b33,bibr,"(Reynar, 1998;",Reynar 1994,4,PBas,PBas,UNK,10,TRUE,80,#b32,bibr,"Reynar, 1994)",1,-2,5,N,"The uses of this procedure include information retrieval (Hearst and Plaunt, 1993;Hearst, 1994;Yaari, 1997;Reynar, 1999), summarization (Reynar, 1998), text understanding, anaphora resolution (Kozima, 1993), langu",age modelli,"ng (Morris and Hirst,",1,991,";Beeferman et al., 199717) and improving document navigation for the visually disabled (Choi, 2000).",1,0,7,Y,"We present a new algorithm that builds on previous work by Reynar (Reynar, 1998;Reynar, 1994).",1,1,8,N,"The primary distinction of our method is the use of a ranking scheme and the cosine similarity measure (van Rijsbergen, 1979) in formulating the similarity matrix.",1,2,9,N,We propose that the similarity values of short text segments is statistically insignificant.,1,3,10,N,"Thus, one can only rely on their order, or rank, for clustering.",TRUE,"9,10",TRUE,7,Introduction,1,A00-2004,"The method is based on Reynar ' s maximisation algorithm Reynar 1998 , Helfman 1996 , Church 1993 , Church and Helfman 1993 .",Reynar 1998,69,PBas,PBas,UNK,46,TRUE,55,#b33,bibr,"(Reynar, 1998;",Helfman 1996,83,PBas,PBas,UNK,47,TRUE,69,#b15,bibr,"Helfman, 1996;",Church 1993,96,PBas,PBas,UNK,48,TRUE,83,#b6,bibr,"Church, 1993;",Church and Helfman 1993,121,PBas,PBas,UNK,49,TRUE,96,#b5,bibr,"Church and Helfman, 1993)",13,-1,61,N,The final process determines the location of the topic boundaries.,13,0,62,Y,"The method is based on Reynar's maximisation algorithm (Reynar, 1998;Helfman, 1996;Church, 1993;Church and Helfman, 1993).",TRUE,"46,47,48,49",TRUE,62,C l u s t e r i n g,3.3,,,,,,,,,,,,,,,,,,,,,,,,,,,,,,,,,,,,,,
"As a starting point , I adopt Bird & Ellison Bird and Ellison 1994 ' s One - Level Phonology , a monostratal constraint-based framework where phonological representations , morphemes and generalizations are all finite-state automata ( FSAs ) and constraint combination is accomplished via automata intersection .",Bird and Ellison 1994,50,114,PBas,UNK,6,TRUE,29,#b4,bibr,Bird & Ellison (1994),,4,,,,,,,,,,3,-2,9,N,Productive reduplication is so troublesome for a formal account based on regular languages (or regular relations) because unbounded total instances like Indonesian noun plural (orang-orang 'men') are isomorphic to,the copy l,"anguage ww, which is",co,nte,xt-sensitive.,3,0,11,Y,"As a starting point, I adopt Bird & Ellison (1994)'s One-Level Phonology, a monostratal constraintbased framework where phonological representations, morphemes and generalizations are all finitestate automata (FSAs) and constraint combination is accomplished via automata intersection.",3,1,12,N,"While it is possible to transfer much of the present proposal to the transducer-based setting that is often preferred nowadays, the monostratal approach still offers an attractive alternative due to its easy blend with monostratal grammars such as HPSG and the good prospects for machine learning of its surfacetrue constraints (Ellison (1992), Belz (1998)).",3,2,13,N,"After a brief survey of important kinds of reduplication in §2, section §3 explains the necessary extensions of One-Level Phonology to deal with the challenges presented by reduplication, within the larger domain of prosodic morphology in general.",3,3,14,N,"A worked-out example from Koasati in §4 illustrates the interplay of the various components in an implemented analysis, before some conclusions are drawn in section §5.",TRUE,6,TRUE,11,Introduction,1,A00-2039,,,,,,,,,,,,,,,,,,,,,,,,,,,,,,,,,,,,,,,,,,,,,,,,,,,,,,,,,,,,,,,,,,,,,,,,,,,,,,,,,,,,,,,,,,,,,,,,,,,
The model used here for sentence-boundary detection is based on the maximum entropy model used for POS tagging in Ratnaparkhi 1996 .,Ratnaparkhi 1996,133,267,PBas,UNK,9,TRUE,114,,bibr,"(Ratnaparkhi, 1996)",,4,,,,,,,,,,7,0,62,Y,"The model used here for sentence-boundary detection is based on the maximum entropy model used for POS tagging in (Ratnaparkhi, 1996).",,,,,,7,2,64,N,"The (list, ribul.",7,3,65,N,"ioll is given by: 2A token in the training data is considered an abbreviation if it is preceded and followed by whitespace, and it contains a .",,,,,,,,,,,TRUE,9,TRUE,62,Maxilnum Entropy,4,A97-1004,,,,,,,,,,,,,,,,,,,,,,,,,,,,,,,,,,,,,,,,,,,,,,,,,,,,,,,,,,,,,,,,,,,,,,,,,,,,,,,,,,,,,,,,,,,,,,,,,,,
"Our starting point is the work described in Ferro et al. 1999 , which used a fairly small training set .",Ferro et al. 1999,63,86,PBas,UNK,5,TRUE,44,#b4,bibr,Ferro et al. (1999),,4,,,,,,,,,,4,-2,17,N,"Manually writing rules is expensive, as is annotating a large corpus.",,,,,,4,0,19,Y,"Our starting point is the work described in Ferro et al. (1999), which used a fairly small training set.",4,1,20,N,This paper reports on a comparison between the transformation-based error-driven learner described in Ferro et al. (1999) and the memory-based learner for GRs described in Buchholz et al. (1999)Ferro et al. (1999) and the memory-based learner for GRs described in Buchholz et al. (1999) on finding GRs to verbs 1 by retraining the memory-based learner with the data used in Ferro et al. (1999).,4,2,21,N,We find that the transformation versus memory-based difference only seems to cause a small difference in the results.,4,3,22,N,Most of the result differences seem to instead be caused by differences in the representations and information used by the learners.,TRUE,5,TRUE,19,Introduction,1,C00-2175,,,,,,,,,,,,,,,,,,,,,,,,,,,,,,,,,,,,,,,,,,,,,,,,,,,,,,,,,,,,,,,,,,,,,,,,,,,,,,,,,,,,,,,,,,,,,,,,,,,
"The account proposed here of how the COMMON GROUND is augmented , is based is Lewis 's SHARED ENVIRONMENT model for common knowledge Lewis 1969, Clark and Marshall 1981 .",Clark and Marshall 1981,136,32,PBas,UNK,13,TRUE,132,,bibr,"[10,",Clark and Marshall 1981,4,PBas,PBas,UNK,14,TRUE,137,#b1,bibr,2],9,0,30,Y,"The account proposed here of how the COMMON GROUND is augmented, is based is Lewis's SHARED EN-VIRONMENT model for common knowledge [10,2].",,,,,,,,,,,,,,,,,,,,,,,,,,TRUE,"13,14",TRUE,30,Mutual Beliefs in a Shared Environment,2,C92-1054,,,,,,,,,,,,,,,,,,,,,,,,,,,,,,,,,,,,,,,,,,,,,,,,,,,,,,,,,,,,,,FALSE,,,,,,,,,,,,,,,,,,,,,,,,,,,,,,,,,,,,,
"Thus , we base our model on the work of Clark and Wilkes-Gibbs 1986 , and Heeman and Hirst 1992 who both modeled ( the first psychologically , and the second computationally ) how people collaborate on reference to objects for which they have mutual knowledge .",Heeman and Hirst 1992,68,95,PBas,UNK,9,TRUE,49,#b3,bibr,Wilkes-Gibbs (1986),,4,,,,,,,,,,2,-2,26,N,"In these theories, the speaker has the intention that the hearer either know the referent or identijy it immediately.",,,,,,2,0,28,Y,"Thus, we base our model on the work of Chtrk and Wilkes-Gibbs (1986), and Heeman and Hirst (1992) who both modeled (the first psychologically, and the second computationally) how people collaborate on reference to objects for which they have mutual knowledge.",2,1,29,N,"We will briefly discuss these models, before we describe our own.",,,,,,,,,,,TRUE,9,TRUE,28,B: Is it marked?,2,C94-2182,,,,,,,,,,,,,,,,,,,,,,,,,,,,,,,,,,,,,,,,,,,,,,,,,,,,,,,,,,,,,,,,,,,,,,,,,,,,,,,,,,,,,,,,,,,,,,,,,,,
"For comparison , we also tested the disambiguation method based on the independence assumption proposed by Li and Abe 1995 on these examples .",Li and Abe 1995,124,167,PBas,UNK,20,TRUE,106,#b3,bibr,"(Li and Abe, 1995)",,4,,,,,,,,,,13,-2,125,N,"There were 93 examples in  the test data ((verb, nounl,prcp, no'an2) pattern) in which tile two slots 'a.rg2' and prep of verb are determined to be positively dependent and their dependencies are stronger than til",e threshold,of 0.25.,,,,13,0,127,Y,"For comparison, we also tested the disambiguation method based on the independence assumption proposed by (Li and Abe, 1995) on these examples.",13,1,128,N,"Table 3 shows the results of these experiments, where 'Dendroid' stands for the former method and 'Independent' the latter.",13,2,129,N,We see that using tile information on dependency we can significantly improve the disambiguation accuracy on this part of the data,13,3,130,N,"Since we can use existing methods to perform disambiguation for the rest of the data, we can improve the disambiguation accuracy for the entire test data using this knowledge.",TRUE,20,TRUE,127,Approximation by Dendroid Distribution,UNKNOW SECTION NUMBER,C96-1004,,,,,,,,,,,,,,,,,,,,,,,,,,,,,,,,,,,,,,,,,,,,,,,,,,,,,,,,,,,,,,,,,,,,,,,,,,,,,,,,,,,,,,,,,,,,,,,,,,,
"The approach which we will adopt here is based on Milward 1992, Milward 1994a .",Milward 1992,64,98,PBas,UNK,10,TRUE,50,#b13,bibr,Milward (1992),Milward 1994a,4,PUse,PBas,UNK,11,TRUE,66,#b15,bibr,Milward (1994a),7,-2,38,N,"M&C suggest various possibilities for packing the partial syntax trees, including using Tree Adjoining Grammar (Joshi 1987) or Description Theory (Marcus et al. 1983).",,,,,,7,0,40,Y,"The approach which we will adopt here is based on Milward (1992), Milward (1994a).",7,1,41,N,Partial syntax trees can be regarded as performing two main roles.,7,2,42,N,The first is to provide syntactic information which guides how the rest of the sentence can be integrated into the tree.,7,3,43,N,The second is to provide a basis for a semantic representation.,TRUE,"10,11",TRUE,40,Introduction,UNKNOW SECTION NUMBER,E95-1017,,,,,,,,,,,,,,,,,,,,,,,,,,,,,,,,,,,,,,,,,,,,,,,,,,,,,,,,,,,,,,FALSE,TRUE,PUse v.s. PBas,,,,,,,,,,,,,,,,,,,,,,,,,,,,,,,,,,,
"We address this topic in describing a novel approach to HPSG Pollard and Sag 1994 based language processing that uses an off-line compiler to automatically prime a declarative grammar for generation or parsing , and hands the primed grammar to an advanced Earley processor .",Pollard and Sag 1994,84,153,PBas,UNK,2,TRUE,61,,bibr,"(Pollard and Sag, 1994)",,4,,,,,,,,,,2,-2,3,N,"Bidirectionality of grammar is a research topic in natural language processing that is enjoying increasing attention (Strzalkowski, 1993a).",,,,,,2,0,5,Y,"We address this topic in describing a novel approach to HPSG (Pollard and Sag, 1994) based language processing that uses an off-line compiler to automatically prime a declarative grammar for generation or parsing, and hands the primed grammar to an advanced Earley processor.",2,1,6,N,The developed techniques are direction independent in the sense that they can be used for both generation and parsing with HPSG grammars.,2,2,7,N,"In this paper, we focus on the application of the developed techniques in the context of the comparatively neglected area of HPSG generation.",2,3,8,N,"Shieber (1988) gave the first use of Earley's algorithm for generation, but this algorithm does not *The presented research was sponsored by 'l~eilprojekt B4 ""Constraints on Grammar for Efficient Generation"" of the Sonderforschungsbereich 340 ""Sprachtheoretische Grundlagen fiir die Computerllnguistik"" of the Deutsche Forschungsgemeinschaft.",TRUE,2,TRUE,5,Introduction,1,E95-1024,,,,,,,,,,,,,,,,,,,,,,,,,,,,,,,,,,,,,,,,,,,,,,,,,,,,,,,,,,,,,,,TRUE,"new model or hypothesis, improving on certain aspects of HPSG",,,,,,,,,,,,,,,,,,,,,,,,,,,,,,,,,,,
"The implementation described in this paper is based on the most recent model , that of Gorrell in press .",Gorrell in press,105,140,PBas,UNK,8,TRUE,86,,bibr,(Gorrell (in press),,4,,,,,,,,,,3,-2,14,N,"This ""core parser"" has been the subject of a number of computational implementations, including Marcus's deterministic parser (1980), Description theory (henceforth, D-theory) (Marcus et al (1983)), and Abney's li",censing bas,"ed model (1987,1989).",,,,3,0,16,Y,"The implementation described in this paper is based on the most recent model, that of (Gorrell (in press)).",3,1,17,N,"This model is interesting in that it does not allow the parser to employ delay tactics, such as using a lookahead buffer (Marcus (1980), Marcus et al (1983)), or waiting for the head of a phrase to appear in the input before constructing that phrase (Abney (1987(Abney ( , 1989, Pritehett (1992)).",3,2,18,N,"Instead, processing is guided by the principle of Incremental Licensing, which states that ""the parser attempts incrementally to satisfy the principles of grammar"".",3,3,19,N,"For the purposes of this implementation, I have interpreted this to mean that each word must be attached into a fullyconnected phrase marker as it is found in the input.",TRUE,8,TRUE,16,biguous sentences which give rise to reanalysis th,UNKNOW SECTION NUMBER,E95-1043,,,,,,,,,,,,,,,,,,,,,,,,,,,,,,,,,,,,,,,,,,,,,,,,,,,,,,,,,,,,,,,TRUE,PUse versus PBas,,,,,,,,,,,,,,,,,,,,,,,,,,,,,,,,,,,
"Class - based estimated frequencies are introduced in Prescher et al. 2000 as the frequency f ( v , n ) of a ( v , n ) - pair in the training corpus , weighted by the best estimate of the class-membership probability p ( c|v , n ) of an EM - based clustering model on ( v , n ) - pairs , i.e. ,  .",Prescher et al. 2000,74,186,PBas,UNK,17,TRUE,52,#b16,bibr,Prescher et al. (2000),,4,,,,,,,,,,13,-1,66,Y,Our approach to grammar lexicalization is class-based in the sense that we use classbased estimated frequencies f c (v n) of headverbs v and argument head-nouns n instead of pure frequency statistics or classbased,probabilit,ies of head word depe,nd,enc,ies.,13,1,68,N,"As is shown in Prescher et al. (2000) in an evaluation on lexical ambiguity resolution, a gain of about 7% can be obtained by using the class-based estimated frequency f c (v n) as disambiguation criterion instead of classbased probabilities p(njv).",13,2,69,N,"In order to make the most direct use possible of this fact, we incorporated the decisions of the disambiguator directly into 45 additional properties for the grammatical relations of the subject, direct object, indirect object, in nitival object, oblique and adjunctival dative and accusative preposition, for active and passive forms of the rst three verbs in each parse.",13,3,70,N,"Let v r (x) be the verbal head of grammatical relation r in parse x, and n r (x) the nominal head of grammatical relation r in x.",,,,,,TRUE,17,TRUE,67,Class-Based Lexicalization,3.2,P00-1061,,,,,,,,,,,,,,,,,,,,,,,,,,,,,,,,,,,,,,,,,,,,,,,,,,,,,,,,,,,,,,,,,,,,,,,,,,,,,,,,,,,,,,,,,,,,,,,,,,,
"For our analysis of gapping , we follow Sag 1976 in hypothesizing that a post-surface-structure level of syntactic representation is used as the basis for interpretation .",Sag 1976,49,83,PBas,UNK,10,TRUE,39,#b13,bibr,Sag (1976),,4,,,,,,,,,,8,-2,62,N,Figure 1 shows the representations for the sentence Bill became upset; this will serve as the initial source clause representation for the examples that follow.,,,,,,8,0,64,Y,"For our analysis of gapping, we follow Sag (1976) in hypothesizing that a post-surface-structure level of syntactic representation is used as the basis for interpretation.",8,1,65,N,"In source clauses of gapping constructions, constituents in the source that are parallel to the overt constituents in the target are abstracted out of the clause representation.",8,2,66,N,"4 For simplicity, we will assume that 3We will ignore the tense of the predicates for ease of exposition.",8,3,67,N,4,TRUE,10,TRUE,64,Syntax and Semantics of Ellipsis and,UNKNOW SECTION NUMBER,P94-1008,,,,,,,,,,,,,,,,,,,,,,,,,,,,,,,,,,,,,,,,,,,,,,,,,,,,,,,,,,,,,,,TRUE,hypothesizing? PUse as not change versus PBas as starting point?,,,,,,,,,,,,,,,,,,,,,,,,,,,,,,,,,,,
A module realizing this scheme has been implemented and applied to the very setup used for the previous experiments with the hand-coded tree-cutting criteria Samuelsson 1994a .,Samuelsson 1994a,180,75,PBas,UNK,15,TRUE,163,,bibr,[Samuelsson 1994a,,4,,,,,,,,,,12,-2,183,N,"Now we can no longer safely assume that the coverage increases with decreased entropy, and we must also modify the interval-bisection scheme to handle this.",,,,,,12,0,185,Y,"A module realizing this scheme has been implemented and applied to the very setup used for the previous experiments with the hand-coded tree-cutting criteria, see [Samuelsson 1994a].",12,1,186,N,"2100 of the verified parse trees constituted the training set, while 230 of them were used for the test set.",12,2,187,N,The table below summarizes the results for some grammars of different coverage extracted using:,12,3,188,N,1,TRUE,15,TRUE,185,,,P94-1026,,,,,,,,,,,,,,,,,,,,,,,,,,,,,,,,,,,,,,,,,,,,,,,,,,,,,,,,,,,,,,,TRUE,applied to ... setup,,,,,,,,,,,,,,,,,,,,,,,,,,,,,,,,,,,
"As did Lascarides and Asher 1993 , we capture this ordering as a constraint imposed by the Narration coherence relation itself :",Lascarides and Asher 1993,34,90,PBas,UNK,17,TRUE,7,#b2,bibr,Lascarides and Asher (1993),,4,,,,,,,,,,8,-2,36,N,Narration:,,,,,,8,0,38,Y,"As did Lascarides and Asher (1993), we capture this ordering as a constraint imposed by the Narration coherence relation itself.",8,1,39,N,-,8,2,40,N,4,8,3,41,N,"(2) If Narration(A, B) then ta < tB",TRUE,17,TRUE,38,The Account,UNKNOW SECTION NUMBER,P94-1046,,,,,,,,,,,,,,,,,,,,,,,,,,,,,,,,,,,,,,,,,,,,,,,,,,,,,,,,,,,,,,,TRUE,following one's idea? versus use one's idea,,,,,,,,,,,,,,,,,,,,,,,,,,,,,,,,,,,
It is based on modal logic and owes much to work of Blackburn 1994 .,Blackburn 1994,68,198,PBas,UNK,18,TRUE,52,#b2,bibr,Blackburn (1994),,5,,,,,,,,,,14,-1,87,N,This section sketches a logical language describing the dependency structure.,,,,,,14,1,89,N,"As he argues, standard Kripke models can be regarded as directed graphs with node annotations.",14,2,90,N,We will use this interpretation to represent dependency structures.,14,3,91,N,"Dependencies and the mapping from dependency tree to order domain structure are described by modal operators, while simple properties such as word class, features, and cardinality of order domains are described by modal propositions.",,,,,,TRUE,18,TRUE,88,The Description Language,4,P98-1026,,,,,,,,,,,,,,,,,,,,,,,,,,,,,,,,,,,,,,,,,,,,,,,,,,,,,,,,,,,,,,,,,,,,,,,,,,,,,,,,,,,,,,,,,,,,,,,,,,,
"We evaluated the similarity functions introduced in the previous section on a binary decision task , using the same experimental framework as in our previous preliminary comparison Dagan et al. 1999 .",Dagan et al. 1999,202,61,PBas,UNK,35,TRUE,178,,bibr,"son (Dagan et al., 1999)",,5,,,,,,,,,,19,0,60,Y,"We evaluated the similarity functions introduced in the previous section on a binary decision task, using the same experimental framework as in our previous preliminary compari- son (Dagan et al., 1999).",,,,,,19,2,62,N,"From the other 20%, we prepared test sets as follows: after discarding pairs occurring in the training data (after all, the point of similarity-based estimation is to deal with unseen pairs), we split the remaining pairs into five partitions, and replaced each nounverb pair (n, vl) with a noun-verb-verb triple (n, vl, v2) such that P(v2) ~ P(vl).",19,3,63,N,"The task for the language model under evaluation was to reconstruct which of (n, vl) and (n, v2) was the original cooccurrence.",,,,,,,,,,,TRUE,35,TRUE,60,Empirical Comparison,UNKNOW SECTION NUMBER,P99-1004,,,,,,,,,,,,,,,,,,,,,,,,,,,,,,,,,,,,,,,,,,,,,,,,,,,,,,,,,,,,,,,,using ... framework,,,,,,,,,,,,,,,,,,,,,,,,,,,,,,,,,,,
"In the framework of the EM algorithm Dempster et al. 1977 , we can formalize clustering as an estimation problem for a latent class ( LC ) model as follows .",Dempster et al. 1977,60,204,PBas,UNK,8,TRUE,37,#b4,bibr,"(Dempster et al., 1977)",,5,,,,,,,,,,7,-2,30,N,"The semantically smoothed probability of a pair (v, n) is defined to be: n[c ).",,,,,,7,0,32,Y,"In the framework of the EM algorithm (Dempster et al., 1977), we can formalize clustering as an estimation problem for a latent class (LC) model as follows.",7,1,33,N,"We are given: (i) a sample space y of observed, incomplete data, corre-17: scalar change sponding to pairs from VxN, (ii) a sample space X of unobserved, complete data, corresponding",7,2,34,N,", c E C} of complete data related to the observation y, (iv) a complete-data specification pe(x), corresponding to the joint proba-",7,3,35,N,an incomplete data specification Po(Y) which is related to the complete-data specification as the marginal probability Po(Y) --~~X(y)po(x).,TRUE,8,TRUE,32,EM-Based Clustering,2,P99-1014,"This auxiliary function is iteratively maximized as a function of  ( M-step ) , where each iteration is defined by the map Note that our application is an instance of the EM - algorithm for context-free models Baum et al. 1970 , from which the following particularly simple reestimation formulae can be derived .",Baum et al. 1970,86,PBas,PBas,UNK,9,TRUE,85,,bibr,(,,,,,,,,,,,,,,,,,,,,,,,,,,,,,,,,,,8,-2,38,N,"As prescribed by the EM algorithm, the parameters of L(e) are estimated indirectly by proceeding iteratively in terms of complete-data estimation for the auxiliary function Q(0;0(t)), which is the conditional expectation of the complete-data log-likelihood lnps(x) given the observed data y and the current fit of the parameter values 0 (t) (E-step).",8,-1,39,N,"This auxiliary function is iteratively maximized as a function of O (M-step), where each iteration is defined by",TRUE,9,TRUE,40,EM-Based Clustering,2,,,,8,0,40,Y,Note that our application is an instance of the EM-algorithm for context-free models ( :11 :,8,1,41,N,watch.aso:s,8,2,42,N,.~ ~ :::''::::.::::::,8,3,43,N,1111:11::1.1:11:,,,,,,,,,,,,,,,
"A small principle-based parser was built , following the proper branch formalism developed in Crocker and Lewin 1992 .",Crocker and Lewin 1992,116,204,PBas,UNK,3,TRUE,93,#b4,bibr,[Crocker and Lewin1992],,5,,,,,,,,,,3,0,22,Y,"A small principle-based parser was built, following the proper branch formalism developed in [Crocker and Lewin1992].",,,,,,3,2,24,N,"The grammar is loosely based on three modules taken from Government-Binding Theory --X-bar theory, Theta Theory and Case Theory.",3,3,25,N,Although these embody the spirit of the constraints found in Choresky [Chomsky1981] they are not intended to be entirely faithful to this specification of syntactic theory.,,,,,,,,,,,TRUE,3,TRUE,22,The Grammar and Parser,UNKNOW SECTION NUMBER,W94-0105,,,,,,,,,,,,,,,,,,,,,,,,,,,,,,,,,,,,,,,,,,,,,,,,,,,,,,,,,,,,,,,,,,,,,,,,,,,,,,,,,,,,,,,,,,,,,,,,,,,
"This paper presents a general learning approach for identifying syntactic patterns , based on the SNoW learning architecture Roth 1998 , Roth 1999 .",Roth 1998,136,204,PBas,UNK,7,TRUE,124,#b15,bibr,"(Roth, 1998;",Roth 1999,5,PBas,PBas,UNK,8,TRUE,136,#b16,bibr,"Roth, 1999)",2,-2,7,N,A lot of the work on shallow parsing over the past years has concentrated on manual construction of rules.,,,,,,2,0,9,Y,"This paper presents a general learning approach for identifying syntactic patterns, based on the SNoW learning architecture (Roth, 1998;Roth, 1999)(Roth, 1998;Roth, 1999).",2,1,10,N,The SNoW learning architecture is a sparse network of linear ftmctions over a predefined or incrementally learned feature space.,2,2,11,N,SNoW is specifically tailored for learning in domains in which the potential number of information sources (features) taking part in decisions is very large -of which NLP is a principal example.,2,3,12,N,"Preliminary versions of it have already been used successfully on several tasks in natural language processing (Roth, 1998;Golding and Roth, 1999;Roth and Zelenko, 1998).",TRUE,"7,8,9",TRUE,9,1 Introduction Shallow parsing is studied as an al,UNKNOW SECTION NUMBER,W99-0621,,,,,,,,,,,,,,,,,,,,,,,,,,,,,,,,,,,,,,,,,,,,,,,,,,,,,,,,,,,,,,TRUE,,,,,,,,,,,,,,,,,,,,,,,,,,,,,,,,,,,,,
